1,レディース,
2,トップス,1
3,Tシャツ/カットソー(半袖/袖なし),1/2
4,Tシャツ/カットソー(七分/長袖),1/2
5,シャツ/ブラウス(半袖/袖なし),1/2
6,シャツ/ブラウス(七分/長袖),1/2
7,ポロシャツ,1/2
8,キャミソール,1/2
9,タンクトップ,1/2
10,ホルターネック,1/2
11,ニット/セーター,1/2
12,チュニック,1/2
13,カーディガン/ボレロ,1/2
14,アンサンブル,1/2
15,ベスト/ジレ,1/2
16,パーカー,1/2
17,トレーナー/スウェット,1/2
18,ベアトップ/チューブトップ,1/2
19,ジャージ,1/2
20,その他,1/2
21,ジャケット/アウター,1
22,テーラードジャケット,1/21
23,ノーカラージャケット,1/21
24,Gジャン/デニムジャケット,1/21
25,レザージャケット,1/21
26,ダウンジャケット,1/21
27,ライダースジャケット,1/21
28,ミリタリージャケット,1/21
29,ダウンベスト,1/21
30,ジャンパー/ブルゾン,1/21
31,ポンチョ,1/21
32,ロングコート,1/21
33,トレンチコート,1/21
34,ダッフルコート,1/21
35,ピーコート,1/21
36,チェスターコート,1/21
37,モッズコート,1/21
38,スタジャン,1/21
39,毛皮/ファーコート,1/21
40,スプリングコート,1/21
41,スカジャン,1/21
42,その他,1/21
43,パンツ,1
44,デニム/ジーンズ,1/43
45,ショートパンツ,1/43
46,カジュアルパンツ,1/43
47,ハーフパンツ,1/43
48,チノパン,1/43
49,ワークパンツ/カーゴパンツ,1/43
50,クロップドパンツ,1/43
51,サロペット/オーバーオール,1/43
52,オールインワン,1/43
53,サルエルパンツ,1/43
54,ガウチョパンツ,1/43
55,その他,1/43
56,スカート,1
57,ミニスカート,1/56
58,ひざ丈スカート,1/56
59,ロングスカート,1/56
60,キュロット,1/56
61,その他,1/56
62,ワンピース,1
63,ミニワンピース,1/62
64,ひざ丈ワンピース,1/62
65,ロングワンピース,1/62
66,その他,1/62
67,靴,1
68,ハイヒール/パンプス,1/67
69,ブーツ,1/67
70,サンダル,1/67
71,スニーカー,1/67
72,ミュール,1/67
73,モカシン,1/67
74,ローファー/革靴,1/67
75,フラットシューズ/バレエシューズ,1/67
76,長靴/レインシューズ,1/67
77,その他,1/67
78,ルームウェア/パジャマ,1
79,パジャマ,1/78
80,ルームウェア,1/78
81,レッグウェア,1
82,ソックス,1/81
83,スパッツ/レギンス,1/81
84,ストッキング/タイツ,1/81
85,レッグウォーマー,1/81
86,その他,1/81
87,帽子,1
88,ニットキャップ/ビーニー,1/87
89,ハット,1/87
90,ハンチング/ベレー帽,1/87
91,キャップ,1/87
92,キャスケット,1/87
93,麦わら帽子,1/87
94,その他,1/87
95,バッグ,1
96,ハンドバッグ,1/95
97,トートバッグ,1/95
98,エコバッグ,1/95
99,リュック/バックパック,1/95
100,ボストンバッグ,1/95
101,スポーツバッグ,1/95
102,ショルダーバッグ,1/95
103,クラッチバッグ,1/95
104,ポーチ/バニティ,1/95
105,ボディバッグ/ウェストバッグ,1/95
106,マザーズバッグ,1/95
107,メッセンジャーバッグ,1/95
108,ビジネスバッグ,1/95
109,旅行用バッグ/キャリーバッグ,1/95
110,ショップ袋,1/95
111,和装用バッグ,1/95
112,かごバッグ,1/95
113,その他,1/95
114,アクセサリー,1
115,ネックレス,1/114
116,ブレスレット,1/114
117,バングル/リストバンド,1/114
118,リング,1/114
119,ピアス(片耳用),1/114
120,ピアス(両耳用),1/114
121,イヤリング,1/114
122,アンクレット,1/114
123,ブローチ/コサージュ,1/114
124,チャーム,1/114
125,その他,1/114
126,ヘアアクセサリー,1
127,ヘアゴム/シュシュ,1/126
128,ヘアバンド/カチューシャ,1/126
129,ヘアピン,1/126
130,その他,1/126
131,小物,1
132,長財布,1/131
133,折り財布,1/131
134,コインケース/小銭入れ,1/131
135,名刺入れ/定期入れ,1/131
136,キーケース,1/131
137,キーホルダー,1/131
138,手袋/アームカバー,1/131
139,ハンカチ,1/131
140,ベルト,1/131
141,マフラー/ショール,1/131
142,ストール/スヌード,1/131
143,バンダナ/スカーフ,1/131
144,ネックウォーマー,1/131
145,サスペンダー,1/131
146,サングラス/メガネ,1/131
147,モバイルケース/カバー,1/131
148,手帳,1/131
149,イヤマフラー,1/131
150,傘,1/131
151,レインコート/ポンチョ,1/131
152,ミラー,1/131
153,タバコグッズ,1/131
154,その他,1/131
155,時計,1
156,腕時計(アナログ),1/155
157,腕時計(デジタル),1/155
158,ラバーベルト,1/155
159,レザーベルト,1/155
160,金属ベルト,1/155
161,その他,1/155
162,ウィッグ/エクステ,1
163,前髪ウィッグ,1/162
164,ロングストレート,1/162
165,ロングカール,1/162
166,ショートストレート,1/162
167,ショートカール,1/162
168,その他,1/162
169,浴衣/水着,1
170,浴衣,1/169
171,着物,1/169
172,振袖,1/169
173,長襦袢/半襦袢,1/169
174,水着セパレート,1/169
175,水着ワンピース,1/169
176,水着スポーツ用,1/169
177,その他,1/169
178,スーツ/フォーマル/ドレス,1
179,スカートスーツ上下,1/178
180,パンツスーツ上下,1/178
181,ドレス,1/178
182,パーティーバッグ,1/178
183,シューズ,1/178
184,ウェディング,1/178
185,その他,1/178
186,マタニティ,1
187,トップス,1/186
188,アウター,1/186
189,インナー,1/186
190,ワンピース,1/186
191,パンツ/スパッツ,1/186
192,スカート,1/186
193,パジャマ,1/186
194,授乳服,1/186
195,その他,1/186
196,その他,1
197,コスプレ,1/196
198,下着,1/196
199,その他,1/196
200,メンズ,
201,トップス,200
202,Tシャツ/カットソー(半袖/袖なし),200/201
203,Tシャツ/カットソー(七分/長袖),200/201
204,シャツ,200/201
205,ポロシャツ,200/201
206,タンクトップ,200/201
207,ニット/セーター,200/201
208,パーカー,200/201
209,カーディガン,200/201
210,スウェット,200/201
211,ジャージ,200/201
212,ベスト,200/201
213,その他,200/201
214,ジャケット/アウター,200
215,テーラードジャケット,200/214
216,ノーカラージャケット,200/214
217,Gジャン/デニムジャケット,200/214
218,レザージャケット,200/214
219,ダウンジャケット,200/214
220,ライダースジャケット,200/214
221,ミリタリージャケット,200/214
222,ナイロンジャケット,200/214
223,フライトジャケット,200/214
224,ダッフルコート,200/214
225,ピーコート,200/214
226,ステンカラーコート,200/214
227,トレンチコート,200/214
228,モッズコート,200/214
229,チェスターコート,200/214
230,スタジャン,200/214
231,スカジャン,200/214
232,ブルゾン,200/214
233,マウンテンパーカー,200/214
234,ダウンベスト,200/214
235,ポンチョ,200/214
236,カバーオール,200/214
237,その他,200/214
238,パンツ,200
239,デニム/ジーンズ,200/238
240,ワークパンツ/カーゴパンツ,200/238
241,スラックス,200/238
242,チノパン,200/238
243,ショートパンツ,200/238
244,ペインターパンツ,200/238
245,サルエルパンツ,200/238
246,オーバーオール,200/238
247,その他,200/238
248,靴,200
249,スニーカー,200/248
250,サンダル,200/248
251,ブーツ,200/248
252,モカシン,200/248
253,ドレス/ビジネス,200/248
254,長靴/レインシューズ,200/248
255,デッキシューズ,200/248
256,その他,200/248
257,バッグ,200
258,ショルダーバッグ,200/257
259,トートバッグ,200/257
260,ボストンバッグ,200/257
261,リュック/バックパック,200/257
262,ウエストポーチ,200/257
263,ボディーバッグ,200/257
264,ドラムバッグ,200/257
265,ビジネスバッグ,200/257
266,トラベルバッグ,200/257
267,メッセンジャーバッグ,200/257
268,エコバッグ,200/257
269,その他,200/257
270,スーツ,200
271,スーツジャケット,200/270
272,スーツベスト,200/270
273,スラックス,200/270
274,セットアップ,200/270
275,その他,200/270
276,帽子,200
277,キャップ,200/276
278,ハット,200/276
279,ニットキャップ/ビーニー,200/276
280,ハンチング/ベレー帽,200/276
281,キャスケット,200/276
282,サンバイザー,200/276
283,その他,200/276
284,アクセサリー,200
285,ネックレス,200/284
286,ブレスレット,200/284
287,バングル/リストバンド,200/284
288,リング,200/284
289,ピアス(片耳用),200/284
290,ピアス(両耳用),200/284
291,アンクレット,200/284
292,その他,200/284
293,小物,200
294,長財布,200/293
295,折り財布,200/293
296,マネークリップ,200/293
297,コインケース/小銭入れ,200/293
298,名刺入れ/定期入れ,200/293
299,キーケース,200/293
300,キーホルダー,200/293
301,ネクタイ,200/293
302,手袋,200/293
303,ハンカチ,200/293
304,ベルト,200/293
305,マフラー,200/293
306,ストール,200/293
307,バンダナ,200/293
308,ネックウォーマー,200/293
309,サスペンダー,200/293
310,ウォレットチェーン,200/293
311,サングラス/メガネ,200/293
312,モバイルケース/カバー,200/293
313,手帳,200/293
314,ストラップ,200/293
315,ネクタイピン,200/293
316,カフリンクス,200/293
317,イヤマフラー,200/293
318,傘,200/293
319,レインコート,200/293
320,ミラー,200/293
321,タバコグッズ,200/293
322,その他,200/293
323,時計,200
324,腕時計(アナログ),200/323
325,腕時計(デジタル),200/323
326,ラバーベルト,200/323
327,レザーベルト,200/323
328,金属ベルト,200/323
329,その他,200/323
330,水着,200
331,一般水着,200/330
332,スポーツ用,200/330
333,アクセサリー,200/330
334,その他,200/330
335,レッグウェア,200
336,ソックス,200/335
337,レギンス/スパッツ,200/335
338,レッグウォーマー,200/335
339,その他,200/335
340,アンダーウェア,200
341,トランクス,200/340
342,ボクサーパンツ,200/340
343,その他,200/340
344,その他,200
345,すべて,200/344
346,ベビー・キッズ,
347,ベビー服(女の子用) ~95cm,346
348,トップス,346/347
349,アウター,346/347
350,パンツ,346/347
351,スカート,346/347
352,ワンピース,346/347
353,ベビードレス,346/347
354,おくるみ,346/347
355,下着/肌着,346/347
356,パジャマ,346/347
357,ロンパース,346/347
358,その他,346/347
359,ベビー服(男の子用) ~95cm,346
360,トップス,346/359
361,アウター,346/359
362,パンツ,346/359
363,おくるみ,346/359
364,下着/肌着,346/359
365,パジャマ,346/359
366,ロンパース,346/359
367,その他,346/359
368,ベビー服(男女兼用) ~95cm,346
369,トップス,346/368
370,アウター,346/368
371,パンツ,346/368
372,おくるみ,346/368
373,下着/肌着,346/368
374,パジャマ,346/368
375,ロンパース,346/368
376,その他,346/368
377,キッズ服(女の子用) 100cm~,346
378,コート,346/377
379,ジャケット/上着,346/377
380,トップス(Tシャツ/カットソー),346/377
381,トップス(トレーナー),346/377
382,トップス(チュニック),346/377
383,トップス(タンクトップ),346/377
384,トップス(その他),346/377
385,スカート,346/377
386,パンツ,346/377
387,ワンピース,346/377
388,セットアップ,346/377
389,パジャマ,346/377
390,フォーマル/ドレス,346/377
391,和服,346/377
392,浴衣,346/377
393,甚平,346/377
394,水着,346/377
395,その他,346/377
396,キッズ服(男の子用) 100cm~,346
397,コート,346/396
398,ジャケット/上着,346/396
399,トップス(Tシャツ/カットソー),346/396
400,トップス(トレーナー),346/396
401,トップス(その他),346/396
402,パンツ,346/396
403,セットアップ,346/396
404,パジャマ,346/396
405,フォーマル/ドレス,346/396
406,和服,346/396
407,浴衣,346/396
408,甚平,346/396
409,水着,346/396
410,その他,346/396
411,キッズ服(男女兼用) 100cm~,346
412,コート,346/411
413,ジャケット/上着,346/411
414,トップス(Tシャツ/カットソー),346/411
415,トップス(トレーナー),346/411
416,トップス(その他),346/411
417,ボトムス,346/411
418,パジャマ,346/411
419,その他,346/411
420,キッズ靴,346
421,スニーカー,346/420
422,サンダル,346/420
423,ブーツ,346/420
424,長靴,346/420
425,その他,346/420
426,子ども用ファッション小物,346
427,靴下/スパッツ,346/426
428,帽子,346/426
429,エプロン,346/426
430,サスペンダー,346/426
431,タイツ,346/426
432,ハンカチ,346/426
433,バンダナ,346/426
434,ベルト,346/426
435,マフラー,346/426
436,傘,346/426
437,手袋,346/426
438,スタイ,346/426
439,バッグ,346/426
440,その他,346/426
441,おむつ/トイレ/バス,346
442,おむつ用品,346/441
443,おまる/補助便座,346/441
444,トレーニングパンツ,346/441
445,ベビーバス,346/441
446,お風呂用品,346/441
447,その他,346/441
448,外出/移動用品,346
449,ベビーカー,346/448
450,抱っこひも/スリング,346/448
451,チャイルドシート,346/448
452,その他,346/448
453,授乳/食事,346
454,ミルク,346/453
455,ベビーフード,346/453
456,ベビー用食器,346/453
457,その他,346/453
458,ベビー家具/寝具/室内用品,346
459,ベッド,346/458
460,布団/毛布,346/458
461,イス,346/458
462,たんす,346/458
463,その他,346/458
464,おもちゃ,346
465,おふろのおもちゃ,346/464
466,がらがら,346/464
467,オルゴール,346/464
468,ベビージム,346/464
469,手押し車/カタカタ,346/464
470,知育玩具,346/464
471,その他,346/464
472,行事/記念品,346
473,お宮参り用品,346/472
474,お食い初め用品,346/472
475,アルバム,346/472
476,手形/足形,346/472
477,その他,346/472
478,その他,346
479,母子手帳用品,346/478
480,その他,346/478
481,インテリア・住まい・小物,
482,キッチン/食器,481
483,食器,481/482
484,調理器具,481/482
485,収納/キッチン雑貨,481/482
486,弁当用品,481/482
487,カトラリー(スプーン等),481/482
488,テーブル用品,481/482
489,容器,481/482
490,エプロン,481/482
491,アルコールグッズ,481/482
492,浄水機,481/482
493,その他,481/482
494,ベッド/マットレス,481
495,セミシングルベッド,481/494
496,シングルベッド,481/494
497,セミダブルベッド,481/494
498,ダブルベッド,481/494
499,ワイドダブルベッド,481/494
500,クイーンベッド,481/494
501,キングベッド,481/494
502,脚付きマットレスベッド,481/494
503,マットレス,481/494
504,すのこベッド,481/494
505,ロフトベッド/システムベッド,481/494
506,簡易ベッド/折りたたみベッド,481/494
507,収納付き,481/494
508,その他,481/494
509,ソファ/ソファベッド,481
510,ソファセット,481/509
511,シングルソファ,481/509
512,ラブソファ,481/509
513,トリプルソファ,481/509
514,オットマン,481/509
515,コーナーソファ,481/509
516,ビーズソファ/クッションソファ,481/509
517,ローソファ/フロアソファ,481/509
518,ソファベッド,481/509
519,応接セット,481/509
520,ソファカバー,481/509
521,リクライニングソファ,481/509
522,その他,481/509
523,椅子/チェア,481
524,一般,481/523
525,スツール,481/523
526,ダイニングチェア,481/523
527,ハイバックチェア,481/523
528,ロッキングチェア,481/523
529,座椅子,481/523
530,折り畳みイス,481/523
531,デスクチェア,481/523
532,その他,481/523
533,机/テーブル,481
534,こたつ,481/533
535,カウンターテーブル,481/533
536,サイドテーブル,481/533
537,センターテーブル,481/533
538,ダイニングテーブル,481/533
539,座卓/ちゃぶ台,481/533
540,アウトドア用,481/533
541,パソコン用,481/533
542,事務机/学習机,481/533
543,その他,481/533
544,収納家具,481
545,リビング収納,481/544
546,キッチン収納,481/544
547,玄関/屋外収納,481/544
548,バス/トイレ収納,481/544
549,本収納,481/544
550,本/CD/DVD収納,481/544
551,洋服タンス/押入れ収納,481/544
552,電話台/ファックス台,481/544
553,ドレッサー/鏡台,481/544
554,棚/ラック,481/544
555,ケース/ボックス,481/544
556,その他,481/544
557,ラグ/カーペット/マット,481
558,ラグ,481/557
559,カーペット,481/557
560,ホットカーペット,481/557
561,玄関/キッチンマット,481/557
562,トイレ/バスマット,481/557
563,その他,481/557
564,カーテン/ブラインド,481
565,カーテン,481/564
566,ブラインド,481/564
567,ロールスクリーン,481/564
568,のれん,481/564
569,その他,481/564
570,ライト/照明,481
571,蛍光灯/電球,481/570
572,天井照明,481/570
573,フロアスタンド,481/570
574,その他,481/570
575,寝具,481
576,布団/毛布,481/575
577,枕,481/575
578,シーツ/カバー,481/575
579,その他,481/575
580,インテリア小物,481
581,ごみ箱,481/580
582,ウェルカムボード,481/580
583,オルゴール,481/580
584,クッション,481/580
585,クッションカバー,481/580
586,スリッパラック,481/580
587,ティッシュボックス,481/580
588,バスケット/かご,481/580
589,フォトフレーム,481/580
590,マガジンラック,481/580
591,モビール,481/580
592,モビール,481/580
593,花瓶,481/580
594,灰皿,481/580
595,傘立て,481/580
596,小物入れ,481/580
597,置時計,481/580
598,掛時計/柱時計,481/580
599,鏡(立て掛け式),481/580
600,鏡(壁掛け式),481/580
601,置物,481/580
602,風鈴,481/580
603,植物/観葉植物,481/580
604,その他,481/580
605,季節/年中行事,481
606,正月,481/605
607,成人式,481/605
608,バレンタインデー,481/605
609,ひな祭り,481/605
610,子どもの日,481/605
611,母の日,481/605
612,父の日,481/605
613,父の日,481/605
614,サマーギフト/お中元,481/605
615,夏/夏休み,481/605
616,ハロウィン,481/605
617,敬老の日,481/605
618,七五三,481/605
619,お歳暮,481/605
620,クリスマス,481/605
621,冬一般,481/605
622,その他,481/605
623,その他,481
624,すべて,481/623
625,本・音楽・ゲーム,
626,本,625
627,文学/小説,625/626
628,人文/社会,625/626
629,ノンフィクション/教養,625/626
630,地図/旅行ガイド,625/626
631,ビジネス/経済,625/626
632,ビジネス/経済,625/626
633,健康/医学,625/626
634,コンピュータ/IT,625/626
635,趣味/スポーツ/実用,625/626
636,住まい/暮らし/子育て,625/626
637,アート/エンタメ,625/626
638,洋書,625/626
639,絵本,625/626
640,参考書,625/626
641,その他,625/626
642,漫画,625
643,全巻セット,625/642
644,少年漫画,625/642
645,少女漫画,625/642
646,青年漫画,625/642
647,女性漫画,625/642
648,同人誌,625/642
649,その他,625/642
650,雑誌,625
651,アート/エンタメ/ホビー,625/650
652,ファッション,625/650
653,ニュース/総合,625/650
654,趣味/スポーツ,625/650
655,その他,625/650
656,CD,625
657,邦楽,625/656
658,洋楽,625/656
659,アニメ,625/656
660,クラシック,625/656
661,K-POP/アジア,625/656
662,キッズ/ファミリー,625/656
663,その他,625/656
664,DVD/ブルーレイ,625
665,外国映画,625/664
666,日本映画,625/664
667,アニメ,625/664
668,TVドラマ,625/664
669,ミュージック,625/664
670,お笑い/バラエティ,625/664
671,スポーツ/フィットネス,625/664
672,キッズ/ファミリー,625/664
673,その他,625/664
674,レコード,625
675,邦楽,625/674
676,洋楽,625/674
677,その他,625/674
678,テレビゲーム,625
679,家庭用ゲーム本体,625/678
680,家庭用ゲームソフト,625/678
681,携帯用ゲーム本体,625/678
682,携帯用ゲームソフト,625/678
683,PCゲーム,625/678
684,その他,625/678
685,おもちゃ・ホビー・グッズ,
686,おもちゃ,685
687,キャラクターグッズ,685/686
688,ぬいぐるみ,685/686
689,小物/アクセサリー,685/686
690,模型/プラモデル,685/686
691,ミニカー,685/686
692,トイラジコン,685/686
693,プラモデル,685/686
694,ホビーラジコン,685/686
695,鉄道模型,685/686
696,その他,685/686
697,タレントグッズ,685
698,アイドル,685/697
699,ミュージシャン,685/697
700,タレント/お笑い芸人,685/697
701,スポーツ選手,685/697
702,その他,685/697
703,コミック/アニメグッズ,685
704,ストラップ,685/703
705,キーホルダー,685/703
706,バッジ,685/703
707,カード,685/703
708,クリアファイル,685/703
709,ポスター,685/703
710,タオル,685/703
711,その他,685/703
712,トレーディングカード,685
713,遊戯王,685/712
714,マジック：ザ・ギャザリング,685/712
715,ポケモンカードゲーム,685/712
716,デュエルマスターズ,685/712
717,バトルスピリッツ,685/712
718,プリパラ,685/712
719,アイカツ,685/712
720,カードファイト!! ヴァンガード,685/712
721,ヴァイスシュヴァルツ,685/712
722,プロ野球オーナーズリーグ,685/712
723,ベースボールヒーローズ,685/712
724,ドラゴンボール,685/712
725,スリーブ,685/712
726,その他,685/712
727,フィギュア,685
728,コミック/アニメ,685/727
729,特撮,685/727
730,ゲームキャラクター,685/727
731,SF/ファンタジー/ホラー,685/727
732,アメコミ,685/727
733,スポーツ,685/727
734,ミリタリー,685/727
735,その他,685/727
736,楽器/器材,685
737,エレキギター,685/736
738,アコースティックギター,685/736
739,ベース,685/736
740,エフェクター,685/736
741,アンプ,685/736
742,弦楽器,685/736
743,管楽器,685/736
744,鍵盤楽器,685/736
745,打楽器,685/736
746,和楽器,685/736
747,楽譜/スコア,685/736
748,レコーディング/PA機器,685/736
749,DJ機器,685/736
750,DTM/DAW,685/736
751,その他,685/736
752,コレクション,685
753,武具,685/752
754,使用済切手/官製はがき,685/752
755,旧貨幣/金貨/銀貨/記念硬貨,685/752
756,印刷物,685/752
757,ノベルティグッズ,685/752
758,その他,685/752
759,ミリタリー,685
760,トイガン,685/759
761,個人装備,685/759
762,その他,685/759
763,美術品,685
764,陶芸,685/763
765,ガラス,685/763
766,漆芸,685/763
767,金属工芸,685/763
768,絵画/タペストリ,685/763
769,版画,685/763
770,彫刻/オブジェクト,685/763
771,書,685/763
772,写真,685/763
773,その他,685/763
774,アート用品,685
775,画材,685/774
776,額縁,685/774
777,その他,685/774
778,その他,685
779,トランプ/UNO,685/778
780,カルタ/百人一首,685/778
781,ダーツ,685/778
782,ビリヤード,685/778
783,麻雀,685/778
784,パズル/ジグソーパズル,685/778
785,囲碁/将棋,685/778
786,オセロ/チェス,685/778
787,人生ゲーム,685/778
788,野球/サッカーゲーム,685/778
789,スポーツ,685/778
790,三輪車/乗り物,685/778
791,ヨーヨー,685/778
792,模型製作用品,685/778
793,鉄道,685/778
794,航空機,685/778
795,アマチュア無線,685/778
796,パチンコ/パチスロ,685/778
797,その他,685/778
798,コスメ・香水・美容,
799,ベースメイク,798
800,ファンデーション,798/799
801,化粧下地,798/799
802,コントロールカラー,798/799
803,BBクリーム,798/799
804,CCクリーム,798/799
805,コンシーラー,798/799
806,フェイスパウダー,798/799
807,トライアルセット/サンプル,798/799
808,その他,798/799
809,メイクアップ,798
810,アイシャドウ,798/809
811,口紅,798/809
812,リップグロス,798/809
813,リップライナー,798/809
814,チーク,798/809
815,フェイスカラー,798/809
816,マスカラ,798/809
817,アイライナー,798/809
818,つけまつげ,798/809
819,アイブロウペンシル,798/809
820,パウダーアイブロウ,798/809
821,眉マスカラ,798/809
822,トライアルセット/サンプル,798/809
823,メイク道具/化粧小物,798/809
824,美顔用品/美顔ローラー,798/809
825,その他,798/809
826,ネイルケア,798
827,ネイルカラー,798/826
828,カラージェル,798/826
829,ネイルベースコート/トップコート,798/826
830,ネイルアート用品,798/826
831,ネイルパーツ,798/826
832,ネイルチップ/付け爪,798/826
833,手入れ用具,798/826
834,除光液,798/826
835,その他,798/826
836,香水,798
837,香水(女性用),798/836
838,香水(男性用),798/836
839,ユニセックス,798/836
840,ボディミスト,798/836
841,その他,798/836
842,スキンケア/基礎化粧品,798
843,化粧水/ローション,798/842
844,乳液/ミルク,798/842
845,美容液,798/842
846,フェイスクリーム,798/842
847,洗顔料,798/842
848,クレンジング/メイク落とし,798/842
849,パック/フェイスマスク,798/842
850,ジェル/ゲル,798/842
851,ブースター/導入液,798/842
852,アイケア,798/842
853,リップケア,798/842
854,トライアルセット/サンプル,798/842
855,洗顔グッズ,798/842
856,その他,798/842
857,ヘアケア,798
858,シャンプー,798/857
859,トリートメント,798/857
860,コンディショナー,798/857
861,リンス,798/857
862,スタイリング剤,798/857
863,カラーリング剤,798/857
864,ブラシ,798/857
865,その他,798/857
866,ボディケア,798
867,オイル/クリーム,798/866
868,ハンドクリーム,798/866
869,ローション,798/866
870,日焼け止め/サンオイル,798/866
871,ボディソープ,798/866
872,入浴剤,798/866
873,制汗/デオドラント,798/866
874,フットケア,798/866
875,その他,798/866
876,オーラルケア,798
877,口臭防止/エチケット用品,798/876
878,歯ブラシ,798/876
879,その他,798/876
880,リラクゼーション,798
881,エッセンシャルオイル,798/880
882,芳香器,798/880
883,お香/香炉,798/880
884,キャンドル,798/880
885,リラクゼーショングッズ,798/880
886,その他,798/880
887,ダイエット,798
888,ダイエット食品,798/887
889,エクササイズ用品,798/887
890,体重計,798/887
891,体脂肪計,798/887
892,その他,798/887
893,その他,798
894,健康用品,798/893
895,看護/介護用品,798/893
896,救急/衛生用品,798/893
897,その他,798/893
898,家電・スマホ・カメラ,
899,スマートフォン/携帯電話,898
900,スマートフォン本体,898/899
901,バッテリー/充電器,898/899
902,携帯電話本体,898/899
903,PHS本体,898/899
904,その他,898/899
905,スマホアクセサリー,898
906,Android用ケース,898/905
907,iPhone用ケース,898/905
908,カバー,898/905
909,イヤホンジャック,898/905
910,ストラップ,898/905
911,フィルム,898/905
912,自撮り棒,898/905
913,その他,898/905
914,PC/タブレット,898
915,タブレット,898/914
916,ノートPC,898/914
917,デスクトップ型PC,898/914
918,ディスプレイ,898/914
919,電子ブックリーダー,898/914
920,PC周辺機器,898/914
921,PCパーツ,898/914
922,その他,898/914
923,カメラ,898
924,デジタルカメラ,898/923
925,ビデオカメラ,898/923
926,レンズ(単焦点),898/923
927,レンズ(ズーム),898/923
928,フィルムカメラ,898/923
929,防犯カメラ,898/923
930,その他,898/923
931,テレビ/映像機器,898
932,テレビ,898/931
933,プロジェクター,898/931
934,ブルーレイレコーダー,898/931
935,DVDレコーダー,898/931
936,ブルーレイプレーヤー,898/931
937,DVDプレーヤー,898/931
938,映像用ケーブル,898/931
939,その他,898/931
940,オーディオ機器,898
941,ポータブルプレーヤー,898/940
942,イヤフォン,898/940
943,ヘッドフォン,898/940
944,アンプ,898/940
945,スピーカー,898/940
946,ケーブル/シールド,898/940
947,ラジオ,898/940
948,その他,898/940
949,美容/健康,898
950,ヘアドライヤー,898/949
951,ヘアアイロン,898/949
952,美容機器,898/949
953,電気シェーバー,898/949
954,電動歯ブラシ,898/949
955,その他,898/949
956,冷暖房/空調,898
957,エアコン,898/956
958,空気清浄器,898/956
959,加湿器,898/956
960,扇風機,898/956
961,除湿機,898/956
962,ファンヒーター,898/956
963,電気ヒーター,898/956
964,オイルヒーター,898/956
965,ストーブ,898/956
966,ホットカーペット,898/956
967,こたつ,898/956
968,電気毛布,898/956
969,その他,898/956
970,生活家電,898
971,冷蔵庫,898/970
972,洗濯機,898/970
973,炊飯器,898/970
974,電子レンジ/オーブン,898/970
975,調理機器,898/970
976,アイロン,898/970
977,掃除機,898/970
978,エスプレッソマシン,898/970
979,コーヒーメーカー,898/970
980,衣類乾燥機,898/970
981,その他,898/970
982,その他,898
983,その他,898/982
984,スポーツ・レジャー,
985,ゴルフ,984
986,クラブ,984/985
987,ウエア(男性用),984/985
988,ウエア(女性用),984/985
989,バッグ,984/985
990,シューズ(男性用),984/985
991,シューズ(女性用),984/985
992,アクセサリー,984/985
993,その他,984/985
994,フィッシング,984
995,ロッド,984/994
996,リール,984/994
997,ルアー用品,984/994
998,ウエア,984/994
999,釣り糸/ライン,984/994
1000,その他,984/994
1001,自転車,984
1002,自転車本体,984/1001
1003,ウエア,984/1001
1004,パーツ,984/1001
1005,アクセサリー,984/1001
1006,バッグ,984/1001
1007,工具/メンテナンス,984/1001
1008,その他,984/1001
1009,トレーニング/エクササイズ,984
1010,ランニング,984/1009
1011,ウォーキング,984/1009
1012,ヨガ,984/1009
1013,トレーニング用品,984/1009
1014,その他,984/1009
1015,野球,984
1016,ウェア,984/1015
1017,シューズ,984/1015
1018,グローブ,984/1015
1019,バット,984/1015
1020,アクセサリー,984/1015
1021,防具,984/1015
1022,練習機器,984/1015
1023,記念グッズ,984/1015
1024,応援グッズ,984/1015
1025,その他,984/1015
1026,サッカー/フットサル,984
1027,ウェア,984/1026
1028,シューズ,984/1026
1029,ボール,984/1026
1030,アクセサリー,984/1026
1031,記念グッズ,984/1026
1032,応援グッズ,984/1026
1033,その他,984/1026
1034,テニス,984
1035,ラケット(硬式用),984/1034
1036,ラケット(軟式用),984/1034
1037,ウェア,984/1034
1038,シューズ,984/1034
1039,ボール,984/1034
1040,アクセサリー,984/1034
1041,記念グッズ,984/1034
1042,応援グッズ,984/1034
1043,その他,984/1034
1044,スノーボード,984
1045,ボード,984/1044
1046,バインディング,984/1044
1047,ブーツ(男性用),984/1044
1048,ブーツ(女性用),984/1044
1049,ブーツ(子ども用),984/1044
1050,ウエア/装備(男性用),984/1044
1051,ウエア/装備(女性用),984/1044
1052,ウエア/装備(子ども用),984/1044
1053,アクセサリー,984/1044
1054,バッグ,984/1044
1055,その他,984/1044
1056,スキー,984
1057,板,984/1056
1058,ブーツ(男性用),984/1056
1059,ブーツ(女性用),984/1056
1060,ブーツ(子ども用),984/1056
1061,ビンディング,984/1056
1062,ウエア(男性用),984/1056
1063,ウエア(女性用),984/1056
1064,ウエア(子ども用),984/1056
1065,ストック,984/1056
1066,その他,984/1056
1067,その他スポーツ,984
1068,ダンス/バレエ,984/1067
1069,サーフィン,984/1067
1070,バスケットボール,984/1067
1071,バドミントン,984/1067
1072,バレーボール,984/1067
1073,スケートボード,984/1067
1074,陸上競技,984/1067
1075,ラグビー,984/1067
1076,アメリカンフットボール,984/1067
1077,ボクシング,984/1067
1078,ボウリング,984/1067
1079,その他,984/1067
1080,アウトドア,984
1081,テント/タープ,984/1080
1082,ライト/ランタン,984/1080
1083,寝袋/寝具,984/1080
1084,テーブル/チェア,984/1080
1085,ストーブ/コンロ,984/1080
1086,調理器具,984/1080
1087,食器,984/1080
1088,登山用品,984/1080
1089,その他,984/1080
1090,その他,984
1091,旅行用品,984/1090
1092,その他,984/1090
1093,ハンドメイド,
1094,アクセサリー(女性用),1093
1095,ピアス,1093/1094
1096,イヤリング,1093/1094
1097,ネックレス,1093/1094
1098,ブレスレット,1093/1094
1099,リング,1093/1094
1100,チャーム,1093/1094
1101,ヘアゴム,1093/1094
1102,アンクレット,1093/1094
1103,その他,1093/1094
1104,ファッション/小物,1093
1105,バッグ(女性用),1093/1104
1106,バッグ(男性用),1093/1104
1107,財布(女性用),1093/1104
1108,財布(男性用),1093/1104
1109,ファッション雑貨,1093/1104
1110,その他,1093/1104
1111,アクセサリー/時計,1093
1112,アクセサリー(男性用),1093/1111
1113,時計(女性用),1093/1111
1114,時計(男性用),1093/1111
1115,その他,1093/1111
1116,日用品/インテリア,1093
1117,キッチン用品,1093/1116
1118,家具,1093/1116
1119,文房具,1093/1116
1120,アート/写真,1093/1116
1121,アロマ/キャンドル,1093/1116
1122,フラワー/ガーデン,1093/1116
1123,その他,1093/1116
1124,趣味/おもちゃ,1093
1125,クラフト/布製品,1093/1124
1126,おもちゃ/人形,1093/1124
1127,その他,1093/1124
1128,キッズ/ベビー,1093
1129,ファッション雑貨,1093/1128
1130,スタイ/よだれかけ,1093/1128
1131,外出用品,1093/1128
1132,ネームタグ,1093/1128
1133,その他,1093/1128
1134,素材/材料,1093
1135,各種パーツ,1093/1134
1136,生地/糸,1093/1134
1137,型紙/パターン,1093/1134
1138,その他,1093/1134
1139,二次創作物,1093
1140,Ingress,1093/1139
1141,クリエイターズ宇宙兄弟,1093/1139
1142,その他,1093/1139
1143,チケット,1093/1139
1144,すべて,1093/1139
1145,その他,1093
1146,すべて,1093/1145
1147,チケット,
1148,音楽,1147
1149,男性アイドル,1147/1148
1150,女性アイドル,1147/1148
1151,韓流,1147/1148
1152,国内アーティスト,1147/1148
1153,海外アーティスト,1147/1148
1154,音楽フェス,1147/1148
1155,声優/アニメ,1147/1148
1156,その他,1147/1148
1157,スポーツ,1147
1158,サッカー,1147/1157
1159,野球,1147/1157
1160,テニス,1147/1157
1161,格闘技/プロレス,1147/1157
1162,相撲/武道,1147/1157
1163,ゴルフ,1147/1157
1164,バレーボール,1147/1157
1165,バスケットボール,1147/1157
1166,モータースポーツ,1147/1157
1167,ウィンタースポーツ,1147/1157
1168,その他,1147/1157
1169,演劇/芸能,1147
1170,ミュージカル,1147/1169
1171,演劇,1147/1169
1172,伝統芸能,1147/1169
1173,落語,1147/1169
1174,お笑い,1147/1169
1175,オペラ,1147/1169
1176,サーカス,1147/1169
1177,バレエ,1147/1169
1178,その他,1147/1169
1179,イベント,1147
1180,声優/アニメ,1147/1179
1181,キッズ/ファミリー,1147/1179
1182,トークショー/講演会,1147/1179
1183,その他,1147/1179
1184,映画,1147
1185,邦画,1147/1184
1186,洋画,1147/1184
1187,その他,1147/1184
1188,施設利用券,1147
1189,遊園地/テーマパーク,1147/1188
1190,美術館/博物館,1147/1188
1191,スキー場,1147/1188
1192,ゴルフ場,1147/1188
1193,フィットネスクラブ,1147/1188
1194,プール,1147/1188
1195,ボウリング場,1147/1188
1196,水族館,1147/1188
1197,動物園,1147/1188
1198,その他,1147/1188
1199,優待券/割引券,1147
1200,ショッピング,1147/1199
1201,レストラン/食事券,1147/1199
1202,フード/ドリンク券,1147/1199
1203,宿泊券,1147/1199
1204,その他,1147/1199
1205,その他,1147
1206,すべて,1147/1205
1207,自動車・オートバイ,
1208,自動車本体,1207
1209,国内自動車本体,1207/1208
1210,外国自動車本体,1207/1208
1211,自動車タイヤ/ホイール,1207
1212,タイヤ/ホイールセット,1207/1211
1213,タイヤ,1207/1211
1214,ホイール,1207/1211
1215,その他,1207/1211
1216,自動車パーツ,1207
1217,サスペンション,1207/1216
1218,ブレーキ,1207/1216
1219,外装、エアロパーツ,1207/1216
1220,ライト,1207/1216
1221,内装品、シート,1207/1216
1222,ステアリング,1207/1216
1223,マフラー・排気系,1207/1216
1224,エンジン、過給器、冷却装置,1207/1216
1225,クラッチ、ミッション、駆動系,1207/1216
1226,電装品,1207/1216
1227,補強パーツ,1207/1216
1228,汎用パーツ,1207/1216
1229,外国自動車用パーツ,1207/1216
1230,その他,1207/1216
1231,自動車アクセサリー,1207
1232,車内アクセサリー,1207/1231
1233,カーナビ,1207/1231
1234,カーオーディオ,1207/1231
1235,車外アクセサリー,1207/1231
1236,メンテナンス用品,1207/1231
1237,チャイルドシート,1207/1231
1238,ドライブレコーダー,1207/1231
1239,レーダー探知機,1207/1231
1240,カタログ/マニュアル,1207/1231
1241,セキュリティ,1207/1231
1242,ETC,1207/1231
1243,その他,1207/1231
1244,オートバイ車体,1207
1245,すべて,1207/1244
1246,オートバイパーツ,1207
1247,タイヤ,1207/1246
1248,マフラー,1207/1246
1249,エンジン、冷却装置,1207/1246
1250,カウル、フェンダー、外装,1207/1246
1251,サスペンション,1207/1246
1252,ホイール,1207/1246
1253,シート,1207/1246
1254,ブレーキ,1207/1246
1255,タンク,1207/1246
1256,ライト、ウィンカー,1207/1246
1257,チェーン、スプロケット、駆動系,1207/1246
1258,メーター,1207/1246
1259,電装系,1207/1246
1260,ミラー,1207/1246
1261,外国オートバイ用パーツ,1207/1246
1262,その他,1207/1246
1263,オートバイアクセサリー,1207
1264,ヘルメット/シールド,1207/1263
1265,バイクウエア/装備,1207/1263
1266,アクセサリー,1207/1263
1267,メンテナンス,1207/1263
1268,カタログ/マニュアル,1207/1263
1269,その他,1207/1263
1270,その他,
1271,まとめ売り,1270
1272,すべて,1270/1271
1273,ペット用品,1270
1274,ペットフード,1270/1273
1275,犬用品,1270/1273
1276,猫用品,1270/1273
1277,魚用品/水草,1270/1273
1278,小動物用品,1270/1273
1279,爬虫類/両生類用品,1270/1273
1280,かご/おり,1270/1273
1281,鳥用品,1270/1273
1282,虫類用品,1270/1273
1283,その他,1270/1273
1284,食品,1270
1285,菓子,1270/1284
1286,米,1270/1284
1287,野菜,1270/1284
1288,果物,1270/1284
1289,調味料,1270/1284
1290,魚介類(加工食品),1270/1284
1291,肉類(加工食品),1270/1284
1292,その他 加工食品,1270/1284
1293,その他,1270/1284
1294,飲料/酒,1270
1295,コーヒー,1270/1294
1296,ソフトドリンク,1270/1294
1297,ミネラルウォーター,1270/1294
1298,茶,1270/1294
1299,ウイスキー,1270/1294
1300,ワイン,1270/1294
1301,ブランデー,1270/1294
1302,焼酎,1270/1294
1303,日本酒,1270/1294
1304,ビール、発泡酒,1270/1294
1305,その他,1270/1294
1306,日用品/生活雑貨/旅行,1270
1307,タオル/バス用品,1270/1306
1308,日用品/生活雑貨,1270/1306
1309,洗剤/柔軟剤,1270/1306
1310,旅行用品,1270/1306
1311,防災関連グッズ,1270/1306
1312,その他,1270/1306
1313,アンティーク/コレクション,1270
1314,雑貨,1270/1313
1315,工芸品,1270/1313
1316,家具,1270/1313
1317,印刷物,1270/1313
1318,その他,1270/1313
1319,文房具/事務用品,1270
1320,筆記具,1270/1319
1321,ノート/メモ帳,1270/1319
1322,テープ/マスキングテープ,1270/1319
1323,カレンダー/スケジュール,1270/1319
1324,アルバム/スクラップ,1270/1319
1325,ファイル/バインダー,1270/1319
1326,はさみ/カッター,1270/1319
1327,カードホルダー/名刺管理,1270/1319
1328,のり/ホッチキス,1270/1319
1329,その他,1270/1319
1330,事務/店舗用品,1270
1331,オフィス用品一般,1270/1330
1332,オフィス家具,1270/1330
1333,店舗用品,1270/1330
1334,OA機器,1270/1330
1335,ラッピング/包装,1270/1330
1336,その他,1270/1330
1337,その他,1270
1338,すべて,1270/1337
